Metric,Value
RMSE_EUR,1.107236368641557
MAE_EUR,0.45572076901318137
R2_Score,0.0008204493786856393
Final_Val_Loss_Scaled,0.0012592209968715906
